{
  "105-06845": {
    "STD_DEV": 0.0,
    "COEF_VAR": 0.0,
    "N_SAMPLES": 1
  },
  "110-01001": {
    "STD_DEV": 0.0,
    "COEF_VAR": 0.0,
    "N_SAMPLES": 1
  },
  "201-52370": {
    "STD_DEV": 9012.640291225962,
    "COEF_VAR": 0.5309482542476928,
    "N_SAMPLES": 57
  },
  "203-02000": {
    "STD_DEV": 44.05337144998658,
    "COEF_VAR": 0.5244970869789995,
    "N_SAMPLES": 67
  },
  "203-02070": {
    "STD_DEV": 25.247794557031206,
    "COEF_VAR": 0.5790297722459816,
    "N_SAMPLES": 58
  },
  "205-11626": {
    "STD_DEV": 13699.830746361118,
    "COEF_VAR": 0.7312797678332779,
    "N_SAMPLES": 74
  },
  "205-12108": {
    "STD_DEV": 0.0,
    "COEF_VAR": 0.0,
    "N_SAMPLES": 61
  },
  "205-12616": {
    "STD_DEV": 6268.391276290734,
    "COEF_VAR": 0.6736194093941197,
    "N_SAMPLES": 56
  },
  "207-08264": {
    "STD_DEV": 31.678336960813535,
    "COEF_VAR": 0.6695601947024726,
    "N_SAMPLES": 51
  },
  "207-09935": {
    "STD_DEV": 14.961095489301577,
    "COEF_VAR": 0.2739505220298243,
    "N_SAMPLES": 75
  },
  "211-09265": {
    "STD_DEV": 58.8704143330634,
    "COEF_VAR": 0.5152484505845686,
    "N_SAMPLES": 33
  },
  "211-09268": {
    "STD_DEV": 56.04848540766339,
    "COEF_VAR": 0.24550858806552206,
    "N_SAMPLES": 48
  },
  "214-12239": {
    "STD_DEV": 2.2289971995396396,
    "COEF_VAR": 0.2999404154684099,
    "N_SAMPLES": 75
  },
  "301-12233": {
    "STD_DEV": 42.75770493891454,
    "COEF_VAR": 0.35450585085106356,
    "N_SAMPLES": 47
  },
  "301-12234": {
    "STD_DEV": 63.91459367271564,
    "COEF_VAR": 0.4349806998095194,
    "N_SAMPLES": 71
  },
  "303-01180": {
    "STD_DEV": 106.18669463261394,
    "COEF_VAR": 0.7280491366710817,
    "N_SAMPLES": 50
  },
  "306-08034": {
    "STD_DEV": 4.222084501689648,
    "COEF_VAR": 0.384353407682866,
    "N_SAMPLES": 51
  },
  "306-08432": {
    "STD_DEV": 9.883412163822776,
    "COEF_VAR": 0.6355074693816086,
    "N_SAMPLES": 10
  },
  "401-000002": {
    "STD_DEV": 59.56692376470185,
    "COEF_VAR": 0.26736667668701075,
    "N_SAMPLES": 62
  },
  "401-000038": {
    "STD_DEV": 67.46388399510121,
    "COEF_VAR": 0.3165472810565001,
    "N_SAMPLES": 31
  },
  "401-000047": {
    "STD_DEV": 38.658190532383884,
    "COEF_VAR": 0.24065108648147335,
    "N_SAMPLES": 42
  },
  "406-05521": {
    "STD_DEV": 0.30766391509842267,
    "COEF_VAR": 0.5882914568602874,
    "N_SAMPLES": 94
  },
  "606-12400": {
    "STD_DEV": 7.216153113649764,
    "COEF_VAR": 0.9133269972676291,
    "N_SAMPLES": 21
  },
  "610-07487": {
    "STD_DEV": 144.73439630914353,
    "COEF_VAR": 0.4340901084541783,
    "N_SAMPLES": 60
  },
  "615-06505": {
    "STD_DEV": 313.1988132529945,
    "COEF_VAR": 0.2525506547576243,
    "N_SAMPLES": 98
  },
  "616-05688": {
    "STD_DEV": 48.57060042722593,
    "COEF_VAR": 0.3888061585319138,
    "N_SAMPLES": 79
  },
  "616-12248": {
    "STD_DEV": 4.232311897769351,
    "COEF_VAR": 0.47293685303043365,
    "N_SAMPLES": 40
  },
  "616-12249": {
    "STD_DEV": 2.3820919293504486,
    "COEF_VAR": 0.3722826544676195,
    "N_SAMPLES": 36
  },
  "621-01004": {
    "STD_DEV": 592.055505541691,
    "COEF_VAR": 0.7663264004675792,
    "N_SAMPLES": 126
  },
  "621-06559": {
    "STD_DEV": 2.615068256381816,
    "COEF_VAR": 0.6998878808598051,
    "N_SAMPLES": 78
  },
  "621-06574": {
    "STD_DEV": 28.181830142458082,
    "COEF_VAR": 0.47121643582543976,
    "N_SAMPLES": 58
  },
  "714-000087": {
    "STD_DEV": 3.8516951535078108,
    "COEF_VAR": 0.4549246244300564,
    "N_SAMPLES": 3
  },
  "715-05169": {
    "STD_DEV": 43.70768477176649,
    "COEF_VAR": 0.43747057123177346,
    "N_SAMPLES": 37
  },
  "801-04308": {
    "STD_DEV": 95.36319822333274,
    "COEF_VAR": 0.33267958888064997,
    "N_SAMPLES": 56
  },
  "801-06625": {
    "STD_DEV": 32.73279093482844,
    "COEF_VAR": 0.2493614616556805,
    "N_SAMPLES": 146
  },
  "801-06640": {
    "STD_DEV": 41.32456506390274,
    "COEF_VAR": 0.19258546511927407,
    "N_SAMPLES": 109
  },
  "801-06775": {
    "STD_DEV": 38893.507542309584,
    "COEF_VAR": 0.8372328414130036,
    "N_SAMPLES": 66
  },
  "801-07118": {
    "STD_DEV": 2.674579418420396,
    "COEF_VAR": 0.16683528543646248,
    "N_SAMPLES": 167
  },
  "801-07119": {
    "STD_DEV": 2.5894704384021954,
    "COEF_VAR": 0.1659437514681167,
    "N_SAMPLES": 142
  },
  "808-12032": {
    "STD_DEV": 1.357027745338063,
    "COEF_VAR": 0.6491155246331115,
    "N_SAMPLES": 69
  },
  "808-75043": {
    "STD_DEV": 1.4335747764779976,
    "COEF_VAR": 0.4469514219365318,
    "N_SAMPLES": 51
  },
  "808-96078": {
    "STD_DEV": 8.15599223995968,
    "COEF_VAR": 1.4088903769363936,
    "N_SAMPLES": 19
  }
}