count,rmse,mape,alt_count,alt_mape
13266,12901.839144505642,32.231108551943635,0,
