count,rmse,mape,alt_count,alt_mape
13266,12882.403846466155,32.03858681804477,0,
